Championship,Active,Brand (Linked),Category,Current Holder,Defenses,Division,Lineage Notes,Matches,Notes,Rivalries,Title History
AAA Mega Championship,No,,AAA,,,Men's Singles,Top men's title in Lucha Libre AAA promotion. New addition in WWE 2K26 via Ringside Pass.,,,,
AAA Reina De Reinas Championship,No,,AAA,,,Women's Singles,Top women's title in Lucha Libre AAA promotion. New addition in WWE 2K26 via Ringside Pass.,,,,
Brahma Bull WWE Championship,No,,Classic WWE,,,Men's Singles,Custom design of the WWE Championship created for The Rock. Variant of the WWE Championship lineage.,,,,
Crown Jewel Championship,No,,Current WWE,,,Men's Singles,Exclusive to Saudi Arabia events. New in WWE 2K26.,,,,
ECW Championship,No,,ECW & WCW,,,Men's Singles,"Includes original ECW World Championship ('94-'01) and WWE's ECW revival versions ('06-'08, '08-'10). All collapsed into one lineage.",,,,
ECW World Tag Team Championship,No,,ECW & WCW,,,Tag Team,Tag titles of original ECW promotion.,,,,
ECW World Television Championship,No,,ECW & WCW,,,Men's Singles,Secondary title in original ECW. Active through most of ECW's run in the 1990s.,,,,
Million Dollar Championship,No,,Classic WWE,,,Men's Singles,Created by Ted DiBiase Sr. in 1989. Never an officially sanctioned WWE title — personal vanity belt.,,,,
NXT Championship,Yes,NXT (https://www.notion.so/NXT-31d341dd49468142aaa9ea8bfc5185bd?pvs=21),Current WWE,Carmelo Hayes,,Men's Singles,"NXT's top title. Includes designs from '12-'17, '17-'21, '22-'24, and current. All collapsed into one lineage.",,,,
NXT Cruiserweight Championship,No,,Current WWE,,,Men's Singles,NXT cruiserweight division title.,,,,
NXT North American Championship,No,,Current WWE,,,Men's Singles,Introduced in 2018. Secondary men's title on NXT.,,,,
NXT Tag Team Championship,No,,Current WWE,,,Tag Team,NXT tag title. Includes '13-'17 design and current design.,,,,
NXT UK Championship,No,,Classic WWE,,,Men's Singles,Top title of NXT UK brand (2018-2022). Brand discontinued; title retired.,,,,
NXT UK Tag Team Championship,No,,Classic WWE,,,Tag Team,Tag titles of NXT UK brand (2019-2022). Retired when NXT UK folded.,,,,
NXT UK Women's Championship,No,,Classic WWE,,,Women's Singles,Women's title of NXT UK brand (2018-2022). Retired when NXT UK folded.,,,,
NXT Women's Championship,No,,Current WWE,,,Women's Singles,"NXT's top women's title. Includes designs from '13-'17, '17-'21, '22-'24, and current.",,,,
NXT Women's North American Championship,No,,Current WWE,,,Women's Singles,Introduced in 2023 as women's secondary title on NXT.,,,,
NXT Women's Tag Team Championship,No,,Current WWE,,,Tag Team,Introduced in 2021.,,,,
Smoking Skull WWE Championship,No,,Classic WWE,,,Men's Singles,Custom design of the WWE Championship created for Stone Cold Steve Austin. Variant of the WWE Championship lineage.,,,,
The Fiend Universal Championship,No,,Classic WWE,,,Men's Singles,Custom horror-themed design of the Universal Championship held by Bray Wyatt in 2019-2020.,,,,
WCW Cruiserweight Championship,No,,ECW & WCW,,,Men's Singles,WCW's cruiserweight division title. Brought to WWE briefly after WCW merger.,,,,
WCW Hardcore Championship,No,,ECW & WCW,,,Men's Singles,"WCW's hardcore title, introduced late in the promotion's run.",,,,
WCW Tag Team Championship,No,,ECW & WCW,,,Tag Team,Includes '91-'96 and main WCW World Tag Team Championship designs.,,,,
WCW United States Championship,No,,ECW & WCW,,,Men's Singles,"Secondary WCW title, later absorbed into WWE's US title lineage after WCW merger.",,,,
WCW Women's Championship,No,,ECW & WCW,,,Women's Singles,WCW's women's title. Largely inactive during most of WCW's run.,,,,
WCW World Championship,No,,ECW & WCW,,,Men's Singles,"Includes WCW World Championship '91-'93, nWo World Championship, and nWo Legacy variants. Top title of WCW until 2001.",,,,
Women's Intercontinental Championship,No,,Current WWE,VACANT,,Women's Singles,New title introduced in 2024. No prior lineage.,,Declared vacant at Hard Reset. Tournament to determine new champion in following weeks.,,
Women's Tag Team Championship,No,,Current WWE,VACANT,,Tag Team,Introduced in 2019 as the first women's tag title in WWE history. Cross-brand.,,Declared vacant at Hard Reset. Tournament to determine new champion in following weeks.,,
Women's United States Championship,No,,Current WWE,,,Women's Singles,New title introduced in 2024. No prior lineage.,,,,
Women's World Championship,Yes,Raw (https://www.notion.so/Raw-31d341dd49468192b742e2fde956f670?pvs=21),Current WWE,VACANT,,Women's Singles,SmackDown women's lineage. Includes SmackDown Women's Championship. Rebranded to Women's World Championship in 2023.,,Declared vacant at Hard Reset. Tournament to determine new champion in following weeks.,,
World Heavyweight Championship,Yes,SmackDown (https://www.notion.so/SmackDown-31d341dd49468133ba1dfaee4c527f79?pvs=21),Current WWE,VACANT,,Men's Singles,Reactivated in 2023 as separate title from WWE Championship. Lineage traces back to World Heavyweight Championship '02-'13 (originally WCW-derived).,,Declared vacant at Hard Reset. Tournament to determine new champion in following weeks.,,
World Tag Team Championship,No,,Current WWE,VACANT,,Tag Team,Raw-brand tag lineage. Traces back to the original WWF Tag Team titles. Includes Raw Tag Team Championship and World Tag Team Championship variants.,,Declared vacant at Hard Reset. Tournament to determine new champion in following weeks.,,
WWE 24/7 Championship,No,,Classic WWE,,,Men's Singles,Active 2019-2023. Successor to the Hardcore Championship with 24/7 rules. Retired and replaced by Speed Championship.,,,,
WWE Championship,Yes,Raw (https://www.notion.so/Raw-31d341dd49468192b742e2fde956f670?pvs=21),Current WWE,Cody Rhodes,,Men's Singles,Lineage traces back to WWWF Heavyweight Championship (1963). Unified WWE Championship and Universal Championship in 2023. Current design introduced 2023.,,,,
WWE Cruiserweight Championship,No,,Classic WWE,,,Men's Singles,Active 2001-2007 on SmackDown. Originated in WCW.,,,,
WWE European Championship,No,,Classic WWE,,,Men's Singles,Active 1997-2002. Unified with Intercontinental title by Triple H.,,,,
WWE Hardcore Championship,No,,Classic WWE,,,Men's Singles,Active 1998-2002. Famous for 24/7 rule. Retired by Triple H.,,,,
WWE Intercontinental Championship,Yes,Raw (https://www.notion.so/Raw-31d341dd49468192b742e2fde956f670?pvs=21),Current WWE,VACANT,,Men's Singles,"One of WWE's oldest titles, introduced 1979. Various belt designs over the decades — all collapsed into this lineage.",,Declared vacant at Hard Reset. Tournament to determine new champion in following weeks.,,
WWE Light Heavyweight Championship,No,,Classic WWE,,,Men's Singles,Active 1997-2001. Predecessor to the Cruiserweight division in WWE.,,,,
WWE Tag Team Championship,No,,Current WWE,,,Tag Team,"SmackDown-brand tag lineage. Includes SmackDown Tag Team Championship and WWE Tag Team Championship variants ('02-'10, '10-'16).",,,,
WWE United Kingdom Championship,No,,Classic WWE,,,Men's Singles,"Separate from NXT UK Championship. Introduced 2017, defended on NXT UK and UK tours.",,,,
WWE United States Championship,No,,Current WWE,,,Men's Singles,Originated in WCW (1975). Brought to WWE in 2001. Spinner variant (John Cena design) and '03-'20 design all part of this lineage.,,,,
WWE Women's Championship,Yes,SmackDown (https://www.notion.so/SmackDown-31d341dd49468133ba1dfaee4c527f79?pvs=21),Current WWE,Rhea Ripley,,Women's Singles,"Raw women's lineage. Includes WWE Women's Championship '98-'10, Divas Championship, and Raw Women's Championship. Current design introduced 2023.",,,,